donor,year,poverty,displaced,conflict,gender,trade,multilateral,climate,disease,tieless,no_qpq,no_arms,targeting,needs,cooperation,public,api,rank
Australia,2013,0.000679314,0.100880487,0.038937884,0.031971933,0.10696274,0.143690603,0.014148299,0.051399035,0.347513048,0.011436822,0.023104805,0.733788512,4.255992427,4.860713207,7.059199898,16.17590553,16
Austria,2013,0.000254299,0.203044955,0.012046458,0.003864028,0.148629011,0.281282811,0.003896208,0.000328498,-1.057791419,0.244603149,0.210108381,0.206967574,2.477929178,4.345082299,2.383426083,9.206437561,24
Belgium,2013,0.000995011,0.177407439,0.048038429,0.02936075,0.164281368,0.216021782,0.010848495,0.024323669,0.619955901,-0.149328689,0.027326374,0.387202824,5.423472167,5.651433139,7.213064799,18.28797011,12
Canada,2013,0.000663859,0.26280801,0.084116112,0.006813568,0.163149692,0.290200192,0.049550117,0.078930857,-0.187720678,-0.14924338,-0.016692304,0.489064941,5.307073682,9.426246232,7.308738891,22.0420588,2
Czech Republic,2013,6.53E-05,0.204071216,0.043641237,0.011655447,0.156317114,0.168890659,0.002651032,0.000242453,-1.279101692,0.345855686,0.126347364,0.70401241,3.594619469,2.890649874,3.875171224,10.36044057,22
Denmark,2013,0.002049584,0.1795971,0.049719061,0.012771701,0.16293242,0.181726138,0.037850888,0.014777611,0.239128958,-0.150140487,0.012302887,0.559384351,5.89800064,6.511360288,7.605259818,20.01462075,8
Finland,2013,0.001086355,0.229218094,0.085663531,0.012090788,0.185781463,0.289028536,0.00969902,0.013104104,-0.32625536,-0.087057156,0.017924688,0.649899144,5.93379361,6.359085887,6.823932017,19.11681151,10
France,2013,0.000680598,0.18802062,0.001911615,0.002330042,0.224852282,0.199872475,0.009754178,0.039487502,0.64670479,-0.055889715,0.297989533,0.605091343,2.45188719,6.134290733,6.327179439,14.91335736,17
Germany,2013,0.000483347,0.320351527,0.034549813,0.006773477,0.300479663,0.151604623,0.008309441,0.026513955,0.810481681,-0.034973298,0.37041632,0.579812127,4.57962689,5.853936357,6.135135516,16.56869876,15
Greece,2013,6.01E-06,0.085097908,0.002435269,0,0.001656195,0.065378341,0.002455586,0,-2.161092249,0.450577119,0.584025272,0.101893149,0.42307681,0.21084665,0,0.63392346,28
Iceland,2013,0.000933997,0.183104716,0.039474582,0.018861581,0.356280796,0.157547981,0.022151456,0.001376311,0.817707114,-0.039495762,-0.054192371,0.722425104,4.761463534,5.85610186,8.996437488,19.61400288,9
Ireland,2013,0.0017761,0.321722011,0.098854508,0.010996885,0.100069677,0.199645327,0.002902995,0.063182366,-0.085316194,-0.072927283,-0.030353116,0.616491269,7.792184964,4.967350754,7.433715645,20.19325136,6
Italy,2013,9.11E-05,0.193994949,0.023266333,0.009756435,0.120764613,0.279105091,0.003139932,0.002594895,-0.377820058,-0.062293747,0.149535326,0.37903263,2.967655456,4.585696817,5.038881428,12.5922337,19
Japan,2013,0.001735809,0.277700597,0.022956382,0.009172699,0.35234605,0.258970851,0.015323915,0.009520828,0.789191048,-0.077972531,-0.023436427,0.71849585,5.612125865,7.507389637,8.448498915,21.56801442,4
Korea,2013,0.000400371,0.258894337,0.016851291,0.017189185,0.395486327,0.253962105,0.014380876,0.008257714,-0.93218187,-0.045162248,0.060574874,0.879618813,4.267698002,7.673073478,6.528021473,18.46879295,11
Luxembourg,2013,0.002803731,0.065112245,0.075723497,0.023158053,0.144363405,0.215476459,0.001484274,0.029529289,1.181176338,-0.106756222,-0.054192371,0.785043725,6.837749067,5.043256004,10,21.88100507,3
Netherlands,2013,0.000857601,0.119567797,0.020475513,0.035782626,0.19277733,0.210349465,0.006019129,0.031244254,-0.125523181,-0.156437256,0.019370537,0.351934689,4.378583925,5.665218443,6.579793302,16.62359567,14
New Zealand,2013,0.000500872,0.034579194,0.027275503,0.003942155,0.260220085,0.233474011,0.00111042,0.008728386,-0.390796606,0.044165646,0.386258844,0.758352996,1.548832244,5.573779599,5.271163442,12.39377529,20
Norway,2013,0.002089652,0.164227893,0.04966026,0.021287266,0.145865458,0.226744019,0.016177485,0.048410401,-0.085316194,-0.045252303,0.252078369,0.548162015,6.27679246,6.30474049,5.513954394,18.09548734,13
Poland,2013,9.28E-05,0.217716173,0.023832888,0.001615481,0.027138642,0.059492528,0.006333078,0.001082435,-1.538140829,0.051329026,-0.015096995,0.778261865,2.406661814,0.956652852,5.774777799,9.138092465,25
Portugal,2013,0.000643568,0.044244765,0.000733638,0.000620403,0.094767848,0.058240498,0.000223601,0.000560112,-0.302124106,-0.094132477,0.189011742,0.879618813,0.841481381,0.984289455,6.949944061,8.775714898,26
Slovak Republic,2013,3.61E-05,0.303590176,0.024170283,0.000119949,0.067476712,0.121106462,0.001483945,3.42864E-05,-1.703033119,0.139715715,-0.014739988,0.719908472,2.929689573,1.399861251,5.070808,9.400358825,23
Slovenia,2013,1.20E-05,0.023445762,0.01054393,0.006437833,0.053454767,0.127213647,0.002665667,0,0.817707114,0.445703834,-0.054192371,0.471816046,0.768275871,1.421002323,6.472297797,8.66157599,27
Spain,2013,0.000126399,0.064307847,0.01658321,0.037545605,0.126100271,0.157528033,0.00265679,0.001775468,-0.346052543,-0.034255328,0.064816164,0.416734157,2.989206136,2.937043282,5.351508536,11.27775795,21
Sweden,2013,0.001893796,0.195307707,0.072916047,0.044181346,0.126393459,0.263891105,0.018265999,0.049199015,-0.198605742,-0.037339788,0.00348787,0.485855247,7.640183496,6.740552838,6.168372671,20.54910901,5
Switzerland,2013,0.000774717,0.117200318,0.044091102,0.00262138,0.115191132,0.217023112,0.008268131,0.010598974,-0.173517566,-0.001857334,-0.024753717,0.548187428,2.832471128,4.691774591,6.581207629,14.10545335,18
United Kingdom,2013,0.001453609,0.350066777,0.07080175,0.038431774,0.133880009,0.30326752,0.049343088,0.11225894,0.219803557,-0.165077142,0.011430475,0.641789678,8.332848467,9.52793318,8.046342576,25.90712422,1
United States,2013,0.000520082,0.3100434,0.109655763,0.032738036,0.123380847,0.156920503,0.014643669,0.228106339,-0.599591821,-0.156720616,0.256881205,0.750066633,7.500456294,5.987894755,6.66154594,20.14989699,7
Australia,2014,0.000635334,0.118641191,0.030741488,0.009821648,0.109131283,0.201744698,0.012168277,0.064300747,0.454875748,-0.024151735,0.047833185,0.77143275,3.075767224,5.611265657,6.516111993,15.20314487,16
Austria,2014,0.000368178,0.144575441,0.011508137,0.002462243,0.095758195,0.231150569,0.002989093,0.002919463,1.194843681,0.104383724,0.104328735,0.162478342,1.904391377,3.818463976,2.897263087,8.62011844,24
Belgium,2014,0.000908534,0.185319866,0.032200521,0.035818162,0.18555604,0.251746594,0.01599686,0.02193722,-0.359861489,-0.210143193,-0.035519421,0.346543992,5.289002102,6.516269802,7.832203336,19.63747524,6
Canada,2014,0.000590808,0.23091628,0.10915443,0.012066286,0.115761086,0.226816256,0.033466592,0.0352488,0.469302737,0.014038731,-0.020850653,0.506907736,5.86008467,6.889205511,6.032325478,18.78161566,9
Czech Republic,2014,7.31E-05,0.188651561,0.064660009,0.003164615,0.11699006,0.105632807,0.006305138,0.00022708,1.511625092,0.276664979,0.071233352,0.700042675,3.160643362,1.980537598,4.061654211,9.202835171,23
Denmark,2014,0.001851906,0.191559641,0.052215396,0.009539394,0.150813801,0.199695665,0.032919256,0.016020165,-0.161651574,-0.065449148,-0.032399914,0.560280489,5.600063285,6.394404172,7.449072814,19.44354027,8
Finland,2014,0.001181433,0.294259482,0.075831885,0.011983164,0.222529628,0.306190619,0.010479183,0.014373859,0.489068201,-0.054829191,-0.003038025,0.65930964,6.428477444,6.965851984,6.692484313,20.08681374,5
France,2014,0.00050997,0.1790748,0.002331922,0.00187301,0.256441935,0.165462058,0.018126244,0.043966806,-0.378712681,0.015160306,0.281829214,0.701171402,2.122277699,6.500284361,6.052321839,14.6748839,18
Germany,2014,0.000748207,0.229784642,0.039957617,0.006774494,0.317505273,0.126747836,0.019837438,0.025454728,-0.42513409,-0.040397546,0.359241606,0.602172561,4.172434233,6.324759248,5.92644011,16.42363359,14
Greece,2014,7.94E-06,0.100513456,0.001439109,0,0.000360442,0.081272228,0.002061207,0,1.87077163,0.27409123,0.462634574,0.153520324,0.545898562,0.376799887,0.986981983,1.909680432,28
Iceland,2014,0.000770838,0.14982772,0.022906621,0.01856391,0.306991623,0.171175998,0.021208933,0,-1.076867698,0.000154572,-0.037106989,0.601549712,3.901597998,5.110827608,8.118328868,17.13075447,13
Ireland,2014,0.00145753,0.339912546,0.105451938,0.034803099,0.094304906,0.188492136,0.002867802,0.05428028,0.347423982,-0.062241815,-0.03011594,0.655178185,8.855372448,4.697596437,7.261617133,20.81458602,4
Italy,2014,9.07E-05,0.144548215,0.021812514,0.012820226,0.060471778,0.243266703,0.002582335,0.013104174,-0.967371885,-0.034995136,0.133651708,0.264939674,2.698042304,4.352195019,5.694292384,12.74452971,20
Japan,2014,0.000505218,0.215269811,0.042966028,0.021333787,0.509927355,0.353744323,0.012383821,0.022829973,-0.479057756,-0.018412312,0.089148532,0.885150731,4.750114745,9.676602927,7.462846605,21.88956428,3
Korea,2014,0.000395942,0.261503764,0.031827771,0.011084091,0.36066506,0.248264422,0.013597602,0.007119863,0.726011205,-0.002478672,0.061321779,0.86921502,4.221313208,7.201259584,6.423310349,17.84588314,12
Luxembourg,2014,0.003400682,0.071211428,0.0661457,0.039591815,0.14637164,0.208662162,0.020823175,0.042009178,-1.013009142,-0.00989734,-0.032628852,0.784075543,7.742308633,6.274942757,8.632727725,22.64997912,2
Netherlands,2014,0.000675233,0.096454315,0.023824191,0.02439913,0.161369867,0.161230008,0.004013329,0.034450281,0.375546591,-0.143208569,-0.036436463,0.300929726,3.596392148,4.728690631,6.822224466,15.14730724,17
New Zealand,2014,0.000603337,0.022184281,0.022113426,0.003336569,0.318552532,0.191765124,0.01071246,0.009838175,0.658519867,0.077057235,0.317039744,0.786968707,1.380523811,6.139142974,5.10063575,12.62030254,21
Norway,2014,0.001918515,0.163807577,0.063847045,0.020049801,0.1622809,0.23534096,0.01321914,0.063451455,0.347423982,-0.02838225,0.065119868,0.49004299,6.309948411,6.519795051,5.567426975,18.39717044,11
Poland,2014,7.80E-05,0.264585332,0.034502081,0.000901653,0.259191694,0.067435375,0.00532346,0.000605238,1.542354619,0.138810552,0.020758445,0.77646324,2.948774829,2.751106974,5.03957594,10.73945774,22
Portugal,2014,0.000496825,0.040485323,0.000136963,0.000831317,0.162609655,0.039583479,8.9241E-05,0.000574574,0.614030901,0.03480461,0.212988258,0.838155575,0.664355412,1.513706367,5.709663935,7.887725715,25
Slovak Republic,2014,1.20E-05,0.152774293,0.005022245,0.000890768,0.041879514,0.069102271,0.002503196,0.000334735,2.052159327,0.295410507,-0.025473237,0.567705308,1.224952984,0.735778046,3.936130076,5.896861106,26
Slovenia,2014,8.90E-06,0.020612141,0.003938522,0.003936281,0.030866853,0.114722132,0.003293245,0.000720588,2.052159327,0.423905221,-0.037106989,0.379766595,0.35359963,1.400896452,3.241231497,4.995727579,27
Spain,2014,8.97418E-05,0.060018474,0.035098987,0.051157167,0.136272945,0.206843454,0.008955626,0.001974493,-0.626756284,0.019469769,0.214435177,0.450920104,3.671270539,4.039084088,5.522765957,13.23312058,19
Sweden,2014,0.001746967,0.155904667,0.073379431,0.036087621,0.097362468,0.237998819,0.014517691,0.0339764,0.592090161,-0.046720765,-0.017979604,0.424527488,6.874753705,5.767208309,5.934983225,18.57694524,10
Switzerland,2014,0.000853269,0.117376286,0.052387601,0.002357179,0.140141791,0.211082528,0.013085985,0.018504479,-0.71163269,0.053963712,-0.037106989,0.575599823,3.068723737,5.380146143,7.450832841,15.89970272,15
United Kingdom,2014,0.001423869,0.293473912,0.082512511,0.033824713,0.145481782,0.319270257,0.056183538,0.074758534,0.15852638,-0.181772468,0.084481846,0.623880705,7.875251687,10,7.205676349,25.08092804,1
United States,2014,0.000490129,0.336834724,0.094302831,0.036357388,0.112044142,0.168790621,0.015360676,0.231548968,0.593592927,-0.107040933,0.359846816,0.755036431,7.510278174,6.085534097,6.034833186,19.63064546,7
Australia,2015,0.000565584,0.071773838,0.025873598,0.012315731,0.140049373,0.212221742,0.015617362,0.040396802,0.192173437,-0.033746776,0.080845364,0.787676989,2.638585322,5.947089796,6.686166544,15.27184166,16
Austria,2015,0.000118197,0.098823887,0.010978656,0.00171382,0.057779611,0.206609697,0.004583122,0.000610543,0.560947627,0.327872297,0.35134997,0.115583417,1.087998809,2.81120032,2.007326188,5.906525318,26
Belgium,2015,0.000833009,0.163603418,0.066132561,0.044388185,0.172370513,0.173281028,0.018153849,0.023163378,-0.724577592,-0.184518997,0.008444071,0.374238054,5.969354995,5.577459696,7.588960414,19.1357751,8
Canada,2015,0.000652622,0.283229106,0.143012655,0.012859633,0.113694782,0.305160115,0.015161587,0.101314806,-0.056975745,-0.034640971,0.117851996,0.540071635,7.176071119,7.360821409,5.904370933,20.44126346,5
Czech Republic,2015,6.7998E-05,0.189793571,0.062236617,0.00061748,0.147448765,0.111658291,0.009373858,0.000318779,1.175752751,0.255023916,0.090465112,0.707527296,2.793366912,2.520660339,4.352802981,9.666830233,23
Denmark,2015,0.00141814,0.153018901,0.031615317,0.012019305,0.130618083,0.17422639,0.035501805,0.009870199,-0.239224453,-0.040586056,-0.025974434,0.475000312,4.483916271,5.816413035,6.929600363,17.22992967,13
Finland,2015,0.001007578,0.232598882,0.079205377,0.008261656,0.210426702,0.325341615,0.021891391,0.008788192,0.26285416,-0.053721643,0.050625583,0.617874593,5.452849551,7.495928078,6.315473728,19.26425136,7
France,2015,0.000518366,0.182761066,0.001975998,0.0001439,0.215942417,0.214598476,0.03827403,0.03700324,-0.352411867,-0.04756707,0.362598587,0.687555021,1.923582037,7.856506768,6.197072513,15.97716132,14
Germany,2015,0.000480814,0.203100542,0.034691729,0.00403724,0.311827406,0.075916614,0.020142169,0.021111769,-0.732223363,-0.003473197,0.612000321,0.541225649,3.23777493,5.561600245,5.499449754,14.29882493,17
Greece,2015,5.88855E-06,0.042891315,0.000617206,0,6.82184E-05,0.037369083,0.00120465,0,2.161092249,0.457405422,0.442324117,0.058187373,0,0.009346016,0.158606192,0.167952208,28
Iceland,2015,0.00077556,0.184674681,0.075830788,0.021007845,0.214022859,0.221274461,0.01796396,0,-0.977945162,-0.044430225,-0.048862727,0.576290496,5.460403858,4.793016012,8.658545954,18.91196582,9
Ireland,2015,0.001135168,0.342544891,0.112953923,0.031856736,0.076228648,0.208319412,0.005972036,0.038877502,0.237555395,-0.115349603,-0.029900167,0.631612776,8.557706886,4.800823777,7.669958388,21.02848905,3
Italy,2015,0.00016366,0.198365951,0.027795456,0.007414781,0.103555267,0.187249742,0.01179625,0.009867652,-1.147572086,0.004819358,0.216112252,0.274274429,2.999653038,4.391706032,5.436138886,12.82749796,18
Japan,2015,0.000568607,0.186458818,0.048673819,0.003144855,0.495212881,0.32999335,0.013207721,0.021234146,-0.264231814,-0.043140698,0.08716503,0.86333687,3.383403567,9.686585142,7.37320709,20.4431958,4
Korea,2015,0.000429518,0.193978248,0.020840273,0.016111827,0.379340635,0.233164003,0.0118295,0.012971183,0.284213959,-0.060905962,0.116138232,0.864737371,3.729472568,7.356222792,6.899143203,17.98483856,12
Luxembourg,2015,0.003186765,0.054743843,0.075926488,0.033733067,0.123094625,0.198385141,0.041020109,0.037420624,-1.189894249,-0.07328444,-0.026698763,0.795511596,7.608858633,7.059679809,9.082224122,23.75076256,2
Netherlands,2015,0.00060983,0.088830427,0.047144055,0.013527362,0.12295349,0.178076713,0.007192553,0.024648301,0.366535542,-0.101728855,0.231200173,0.284899113,3.372375145,4.634455809,4.799690163,12.80652112,19
New Zealand,2015,0.00068075,0.020612141,0.013066172,0.002695414,0.296656602,0.189432698,0.012077442,0.002889625,0.046941564,0.043194902,0.420701205,0.787624404,1.193376068,5.455081783,5.628448885,12.27690674,20
Norway,2015,0.001815786,0.145203845,0.058759137,0.016845851,0.144484512,0.226962872,0.024774349,0.064670686,0.237555395,-0.055345111,-0.048862727,0.452400299,5.743758359,6.945976714,7.241908284,19.93164336,6
Poland,2015,9.82603E-05,0.239922406,0.041917333,0.001425286,0.249154229,0.102225045,0.006407074,0.000703415,1.15681192,0.125946594,0.059143634,0.681082452,2.971805576,3.199986366,4.844426499,11.01621844,21
Portugal,2015,0.00048755,0.032250617,0.003567016,0.002465904,0.116749169,0.055903646,0.000181553,0.010092159,-0.003955896,0.12850344,0.257551951,0.764293426,0.847152072,2.196367033,5.50666376,8.550182865,25
Slovak Republic,2015,1.10066E-05,0.112666033,0.06704233,0,0.044847047,0.174773289,0.003409478,0.000169865,1.160744503,0.403953131,-0.022518375,0.620218677,2.038114897,2.065736424,4.576599933,8.680451254,24
Slovenia,2015,9.60295E-06,0.020612141,0.018007978,0.002386214,0.02170829,0.110443988,0.003178329,0,2.235459691,0.415420121,-0.048862727,0.329109886,0.473786467,0.981201478,3.450015687,4.905003632,27
Spain,2015,7.24019E-05,0.047850615,0.029677264,0.020104042,0.089195663,0.096868422,0.010340736,0.00179963,-0.362901656,-0.059401511,0.099722697,0.333678614,2.367677567,2.323091836,5.681002308,10.37177171,22
Sweden,2015,0.001734848,0.11793924,0.04813231,0.02631299,0.06704834,0.261405216,0.031499689,0.029151869,0.47033664,-0.058201031,-0.022333508,0.297376908,5.626412162,6.712150531,5.744845633,18.08340833,11
Switzerland,2015,0.000921168,0.118135787,0.066004308,0.002238825,0.135750883,0.227476603,0.011178271,0.014753107,-0.789654787,-0.036080561,0.026869608,0.579628437,3.426733527,5.324193055,7.144439852,15.89536643,15
United Kingdom,2015,0.001463129,0.296215253,0.101279377,0.030756076,0.188663143,0.259125687,0.061756212,0.051878701,0.138336846,-0.069241112,0.082418893,0.641931316,8.232020427,9.56745271,6.448310687,24.24778382,1
United States,2015,0.000496168,0.319007807,0.11200499,0.026000626,0.10351501,0.139788753,0.014758002,0.20231443,0.996854166,-0.089407203,0.340538269,0.745241045,7.347991287,5.552891517,5.542234041,18.44311685,10
Australia,2016,0.000433436,0.056715282,0.024463398,0.025710608,0.161211206,0.301163685,0.018330193,0.064635113,0.192919635,-0.022982837,0.064411943,0.746643785,3.017573641,7.640902921,6.560506307,17.21898287,9
Austria,2016,0.000118788,0.100785793,0.019813746,0.001324748,0.050667942,0.194725707,0.005253182,0.000302869,0.672926914,0.105588792,0.407789063,0.10198555,1.241743704,2.528017304,2.470104604,6.239865611,28
Belgium,2016,0.000869744,0.227050959,0.114142365,0.014596417,0.12819449,0.138333855,0.01848672,0.018781437,-0.674109637,-0.004143488,0.409524574,0.367789055,6.418201277,4.689607008,5.055268154,16.16307644,16
Canada,2016,0.000550419,0.224340739,0.123763156,0.011152273,0.139478798,0.323055434,0.025011009,0.089579156,0.022343509,-0.09509508,0.158623359,0.490082094,5.995924493,8.29763782,5.938763411,20.23232572,6
Czech Republic,2016,5.70116E-05,0.147481093,0.108713153,0.002045992,0.083200261,0.09821703,0.012027822,0.000149362,1.512989292,0.295241078,0.131507246,0.654681476,3.5561436,1.906344628,3.612591495,9.075079723,24
Denmark,2016,0.00130813,0.181424952,0.078255434,0.010641413,0.138125142,0.191352319,0.019989524,0.004756486,-0.21265828,-0.120681561,0.034896684,0.479640756,5.498284697,4.853716265,6.850249207,17.20225017,10
Finland,2016,0.000812823,0.184027456,0.087541841,0.009165301,0.193124092,0.193646719,0.020456854,0.002262477,0.254782182,-0.079832065,-0.014516628,0.547866922,5.025912257,5.050893914,6.82481827,16.90162444,14
France,2016,0.000422672,0.262769417,0.015632886,0.000975198,0.253118146,0.158232407,0.046632427,0.043424867,-0.326760986,-0.055229827,0.471306919,0.689741857,2.949948766,8.01975304,6.084810661,17.05451247,12
Germany,2016,0.000602006,0.202319995,0.075704128,0.003109831,0.205225291,0.095575221,0.016185783,0.017359433,-0.660824408,-0.053799898,0.472445763,0.486537254,4.131527445,4.609164344,5.663265111,14.4039569,19
Greece,2016,7.5488E-07,0.055274396,0.050045151,0,5.90609E-06,0.048652756,0.001042575,0,-0.352436577,0.195985841,0.725603548,0.06846793,1.148752886,0,2.840596609,3.989349495,29
Hungary,2016,4.06779E-05,0.350066777,0.000129679,0,0.067626193,0.148654078,0.020574252,0,1.912043962,0.232930399,0.097914356,0.787674809,2.859774078,2.838175153,4.022093294,9.720042525,22
Iceland,2016,0.000662142,0.125818652,0.108850143,0.011875936,0.161085918,0.187840599,0.013989231,0,-0.977198963,-0.127539019,-0.037052143,0.457425357,4.959815138,3.712566693,8.406378219,17.07876005,11
Ireland,2016,0.000948131,0.350066777,0.162799444,0.074238895,0.091991104,0.216785656,0.011556383,0.037733678,0.238301594,-0.132492994,-0.037052143,0.598565193,10,5.34188579,7.882036152,23.22392194,3
Italy,2016,0.000168782,0.104314055,0.041585078,0.0023312,0.038514342,0.175689302,0.011998436,0.011148475,-1.119365888,0.039162643,0.301655222,0.175949464,1.916784622,3.787885964,4.731428445,10.43609903,21
Japan,2016,0.000526802,0.339171207,0.025875507,0.003542997,0.485753592,0.323356501,0.017454381,0.018130713,-0.222711692,-0.015505841,0.050310345,0.849610812,4.30192304,9.850075613,7.3125015,21.46450015,5
Korea,2016,0.000420537,0.176981386,0.028211055,0.021206238,0.346921546,0.31061456,0.008867488,0.01055655,0.507467863,-0.026573122,0.121164962,0.853063535,3.983667017,7.789129621,6.434980347,18.20777699,7
Luxembourg,2016,0.00323784,0.182398904,0.097049182,0.064950109,0.134544569,0.204812807,0.059023074,0.029327925,-1.181176338,-0.034796298,-0.012712501,0.779727948,9.957785127,8.143801533,8.556600379,26.65818704,1
Netherlands,2016,0.000663481,0.145568417,0.038948759,0.024061738,0.179027369,0.251865589,0.006341365,0.02663755,0.269634263,0.078609975,0.121867906,0.355478407,4.3361444,6.008619409,4.407926332,14.75269014,17
New Zealand,2016,0.000519412,0.020612141,0.009787852,0.003029646,0.276318347,0.192570214,0.013465858,0.006900367,0.169533892,0.065442501,0.401680232,0.884648351,0.974268662,5.792123467,5.766140994,12.53253312,20
Norway,2016,0.001702971,0.142192781,0.087397199,0.01370351,0.110314723,0.212048638,0.019407688,0.061052282,0.238301594,-0.158664595,0.325941774,0.419574263,5.999275269,6.139944688,5.730416362,17.86963632,8
Poland,2016,0.000162572,0.350066777,0.176596653,0.00219612,0.432321996,0.169801644,0.002947239,0.000369259,1.66329036,0.124109141,0.025178865,0.81295327,6.439661856,5.224499435,5.080077821,16.74423911,15
Portugal,2016,0.000455717,0.062112211,0.044515972,0.002944205,0.028187035,0.099571516,0.000223601,0.000568173,0.132275297,-0.045616022,0.175233028,0.722144856,1.999661732,0.961842682,6.256546523,9.218050938,23
Slovak Republic,2016,1.20652E-05,0.239780977,0.00849435,0.010376024,0.040867933,0.094047731,0.003268763,0.001266648,1.150154991,0.370589128,-0.023739398,0.408113963,3.031302861,1.371137909,3.951123113,8.353563882,25
Slovenia,2016,9.47814E-06,0.071677098,0.033436667,0.003609969,0.058140652,0.144895449,0.003710208,0,1.106467979,0.493982761,-0.037052143,0.347359578,1.406773596,1.741168474,3.893634029,7.041576099,27
Spain,2016,6.95544E-05,0.038891028,0.009186523,0.005281446,0.025826386,0.125788707,0.009267768,0.000630177,-0.242364208,-0.082651374,-0.00504301,0.098718807,0.840114893,1.813800251,5.616998666,8.27091381,26
Sweden,2016,0.001702743,0.150048864,0.096685893,0.054624643,0.091617599,0.233751691,0.036186083,0.039650197,0.332861192,-0.109896698,-0.029198342,0.463036526,7.762920619,6.99796493,6.944308241,21.70519379,4
Switzerland,2016,0.000872099,0.11515411,0.051910056,0.002996489,0.130457424,0.226094141,0.010223947,0.013638,-0.739008851,-0.006174473,0.10441109,0.514728415,3.135650941,5.168875984,6.299769925,14.60429685,18
United Kingdom,2016,0.001266863,0.297049228,0.108196707,0.019140758,0.159840863,0.249661548,0.051860841,0.04470687,0.139083045,-0.141369309,0.103591285,0.635559178,7.6542204,8.721629315,6.928324976,23.30417469,2
United States,2016,0.000507461,0.260228431,0.108795464,0.000106821,0.092415671,0.170780783,0.026459045,0.238879458,1.126619133,-0.106662545,0.350327944,0.722260104,4.858568656,6.590265362,5.46938546,16.91821948,13
Australia,2017,0.000508288,0.106419541,0.053007643,0.024375124,0.175614949,0.205427608,0.023744618,0.023852544,0.18079262,-0.013772631,0.102920028,0.788931513,4.103756836,6.344597191,6.493377609,16.94173164,14
Austria,2017,0.000157741,0.221603211,0.069260864,0.004563239,0.108179442,0.251816155,0.013434071,0.000254815,0.929356512,0.341902074,0.413007553,0.224954531,3.809518511,4.164601289,1.940418014,9.914537815,27
Belgium,2017,0.00082019,0.185467457,0.078886094,0,0.144784236,0.122176334,0.010881563,0.017212763,-0.682070748,-0.096381128,0.018248957,0.337957931,3.90316823,4.139152781,6.692147068,14.73446808,18
Canada,2017,0.00058763,0.260730654,0.145342593,0.009268206,0.145770765,0.2736423,0.047651029,0.088305796,0.105645153,-0.105761102,0.04860936,0.475366892,6.687257198,9.027339032,6.346310473,22.0609067,6
Czech Republic,2017,6.30159E-05,0.193236102,0.075692416,0.022473413,0.105062684,0.170689202,0.010763024,7.03019E-05,1.508574353,0.317705494,0.178622029,0.621592454,4.76995415,2.881891243,3.303354642,10.95520004,23
Denmark,2017,0.001491781,0.224922395,0.089811381,0.017031013,0.129418164,0.181665182,0.0247397,0.002400281,-0.250471588,-0.117663364,0.054732857,0.587297507,6.757762303,4.650079713,7.107417124,18.51525914,11
Finland,2017,0.000656493,0.201160108,0.083411777,0.012415715,0.274629235,0.217689774,0.084262991,0.000690786,0.173279889,-0.075633923,-0.002247273,0.471638762,5.147049446,7.885623911,6.450291013,19.48296437,8
France,2017,0.000487384,0.304323701,0.004876289,0.002929851,0.284427689,0.200949442,0.116090253,0.034684719,-0.311214091,0.031048829,0.366419817,0.702203674,3.425968203,9.406761698,5.778446935,18.61117684,10
Germany,2017,0.000670732,0.209257896,0.10057036,0.00317781,0.199566169,0.088415705,0.036644374,0.02051216,-0.590608098,0.060443285,0.480519954,0.497276712,4.805431512,5.738753247,5.028426006,15.57261077,16
Greece,2017,9.6216E-07,0.158758639,0.150733877,0,6.39044E-06,0.120128835,0.000949462,0,-0.305921313,0.281443032,0.742123128,0.191714067,4.212067572,0.799859176,2.859556282,7.87148303,28
Hungary,2017,3.22037E-05,0.330439657,0.000871583,0,0.061393033,0.164850686,0.011267298,0,0.629479657,0.290083403,0.129495201,0.879378723,2.672607713,2.453682905,5.177746153,10.30403677,24
Iceland,2017,0.000571287,0.152196394,0.056414777,0.027885697,0.155778227,0.206825839,0.034710158,0,-0.989354601,-0.090462607,-0.048912746,0.361098581,4.814351935,5.102143512,8.241498385,18.15799383,13
Ireland,2017,0.000939979,0.34274138,0.138460109,0.081433799,0.086566814,0.169707528,0.028807097,0.033108396,0.226145956,-0.121226975,-0.02727887,0.543086489,9.665576615,5.633277937,7.371920925,22.67077548,4
Italy,2017,0.00017628,0.155606699,0.059550267,0.004318144,0.089930843,0.191263957,0.021848601,0.009960184,-0.973222822,0.09748028,0.261637473,0.283398165,2.996384299,4.915090314,4.799887384,12.711362,20
Japan,2017,0.000692972,0.226551684,0.021647045,0.001985933,0.542942383,0.295078363,0.022510758,0.023328757,-0.380407752,-0.089535821,-0.004962817,0.853502527,3.192040206,9.91724694,8.382312462,21.49159961,7
Korea,2017,0.000398054,0.183151892,0.036550303,0.012636318,0.331433087,0.266350194,0.015113476,0.013057626,0.867442677,-0.153895407,0.098705437,0.862405496,3.709848095,7.573988954,7.226942073,18.51077912,12
Luxembourg,2017,0.003314283,0.064983324,0.079810957,0.022183874,0.178191676,0.194516479,0.043727477,0.030067676,-1.184961562,-0.070168463,-0.048912746,0.765992221,7.326746016,7.501984302,9.660734504,24.48946482,1
Netherlands,2017,0.00066592,0.125915372,0.043263789,0.030891564,0.149109364,0.16857284,0.010656839,0.034430105,0.380361105,-0.13547481,0.183694689,0.319872186,4.521945447,5.103471464,5.316361039,14.94177795,17
New Zealand,2017,0.000524877,0.05075281,0.049625466,0.001032156,0.242800542,0.17594219,0.016035174,0.013156858,0.520714181,-0.077610834,0.125238023,0.777616663,1.845177239,5.774036896,6.474600123,14.09381426,19
Norway,2017,0.001774447,0.182523683,0.121386781,0.016132885,0.135420108,0.241928446,0.053786878,0.072969899,0.226145956,-0.154990129,0.136654092,0.49445068,7.312277659,8.797059246,6.389416031,22.49875294,5
Poland,2017,3.20446E-05,0.222536274,0.17696704,0.001525691,0.063092038,0.095222677,0.00284992,0.000314979,1.168301732,0.319224421,0.163589922,0.667796414,5.031884315,1.24832002,3.796647847,10.07685218,26
Portugal,2017,0.0004332,0.027031885,0.073531257,0.003666415,0.021433482,0.217287388,0.002163028,0.000494672,0.028998523,-0.037247295,0.117889946,0.673958241,2.341408565,2.468439763,6.307310989,11.11715932,22
Slovak Republic,2017,3.88028E-05,0.152623197,0.017846904,0,0.019008303,0.084731544,0.002720799,0.002441399,1.29935147,0.287200486,0.031515457,0.353903217,1.404734304,1.270400368,3.25264526,5.927779933,29
Slovenia,2017,9.59661E-06,0.127796466,0.062314734,0.002487644,0.047169925,0.118881119,0.005511861,0,-0.857500019,0.542021949,-0.048912746,0.426764859,2.39970059,1.429361451,6.341085288,10.17014733,25
Spain,2017,9.39395E-05,0.129970591,0.023539359,0.019615877,0.08246862,0.277502636,0.008178532,0.003175519,-0.217653525,-0.033313419,0.263922247,0.312402094,2.99334611,4.624648966,4.867478056,12.48547313,21
Sweden,2017,0.001920661,0.19931304,0.091498804,0.061514934,0.112967608,0.239424797,0.048809821,0.032551853,0.591195885,-0.047519062,-0.029804984,0.485236811,8.512743188,7.86739205,6.361309351,22.74144459,3
Switzerland,2017,0.000860158,0.14519395,0.061180732,0.004482688,0.138850892,0.257397883,0.013688207,0.01640317,-0.789986191,0.03306254,0.076006463,0.578349159,3.753543503,5.923303043,6.487180418,16.16402696,15
United Kingdom,2017,0.001285782,0.303609303,0.123403234,0.023252582,0.167483916,0.277551178,0.04481507,0.052014454,0.126927406,-0.139153392,0.109913388,0.6264273,8.252788233,8.80768642,6.861287694,23.92176235,2
United States,2017,0.000513331,0.308722606,0.112098971,0.025536297,0.078329564,0.136063651,0.033011272,0.243692547,1.294350079,-0.104655423,0.359296193,0.71925913,7.25630979,6.417859778,5.282981207,18.95715077,9
